0, 1, 0, 0, 0, 0, 0, 0, 0, 0, 
0.399521, 1.34139, 0.389771, 0.380813, 0.390166, 0.390211, 0.390165, 0.390164, 0.390165, 0.390211, 
1.03276, 1.85357, 0.967582, 0.919093, 0.97602, 0.977635, 0.975789, 0.975754, 0.975834, 0.977641, 
1.70375, 2.36304, 1.51958, 1.42263, 1.5652, 1.57435, 1.56184, 1.56133, 1.56276, 1.5745, 
2.39, 2.84423, 2.00472, 1.89035, 2.15422, 2.17842, 2.13271, 2.13031, 2.1403, 2.17996, 
3.0287, 3.23456, 2.37171, 2.31573, 2.72659, 2.75976, 2.64339, 2.63998, 2.67954, 2.76832, 
3.43834, 3.43527, 2.5672, 2.61648, 3.14316, 3.1608, 2.96288, 2.967, 3.05215, 3.18414, 
3.77684, 3.5522, 2.72083, 2.92667, 3.56559, 3.52943, 3.22547, 3.25722, 3.41469, 3.58328, 
4.03176, 3.58805, 2.86776, 3.27879, 4.01556, 3.86159, 3.43089, 3.5314, 3.79364, 3.97299, 
4.15472, 3.56382, 3.01147, 3.61847, 4.4065, 4.08542, 3.55018, 3.75868, 4.12973, 4.2738, 
4.17573, 3.50939, 3.21099, 4.03154, 4.81555, 4.23743, 3.62541, 4.01358, 4.50714, 4.53945, 
4.09841, 3.46778, 3.44318, 4.43927, 5.14207, 4.27491, 3.66022, 4.26414, 4.85146, 4.69838, 
3.93706, 3.46383, 3.75238, 4.90031, 5.4115, 4.20499, 3.68879, 4.56534, 5.20905, 4.75939, 
3.71344, 3.53304, 4.15667, 5.40361, 5.56883, 4.0168, 3.74293, 4.93626, 5.55686, 4.68104, 
3.50158, 3.68005, 4.60071, 5.85177, 5.55778, 3.76591, 3.84264, 5.33, 5.81707, 4.46728, 
3.31841, 3.92891, 5.13926, 6.26182, 5.35274, 3.46798, 4.0201, 5.79579, 5.9855, 4.1001, 
3.22172, 4.23348, 5.67005, 6.52357, 4.99497, 3.22169, 4.24844, 6.24369, 6.00492, 3.6716, 
3.20688, 4.63752, 6.25786, 6.63528, 4.46095, 3.03014, 4.55937, 6.7248, 5.85633, 3.15789, 
3.28966, 5.15672, 6.8727, 6.51012, 3.77798, 2.93982, 4.96216, 7.20534, 5.48503, 2.60326, 
3.46995, 5.807, 7.45501, 6.05405, 3.01836, 2.98204, 5.46791, 7.62629, 4.84525, 2.07407, 
3.648, 6.34797, 7.79269, 5.49233, 2.4993, 3.0939, 5.89172, 7.84042, 4.22132, 1.76001, 
3.88452, 7.01661, 8.02836, 4.63184, 2.00958, 3.28503, 6.42264, 7.94487, 3.37729, 1.50824, 
4.13148, 7.66815, 8.05271, 3.66119, 1.69143, 3.50578, 6.94924, 7.87432, 2.50225, 1.388, 
4.41745, 8.34289, 7.83006, 2.55418, 1.52033, 3.76688, 7.50465, 7.6017, 1.55717, 1.37588, 
4.75684, 9.00517, 7.29529, 1.39286, 1.50032, 4.07348, 8.06037, 7.08553, 0.598245, 1.46039, 
5.10499, 9.52959, 6.5469, 0.431357, 1.58113, 4.38528, 8.51042, 6.42195, -0.185953, 1.58505, 
5.51249, 9.97398, 5.51717, -0.416777, 1.71037, 4.75209, 8.90527, 5.54438, -0.883219, 1.72223, 
5.91683, 10.2655, 4.38917, -1.01151, 1.82248, 5.1213, 9.18229, 4.59948, -1.38791, 1.82106, 
6.35178, 10.4327, 3.08244, -1.42142, 1.89751, 5.52544, 9.37058, 3.50778, -1.76167, 1.87219, 
6.8157, 10.4438, 1.58122, -1.61937, 1.91287, 5.96483, 9.44865, 2.24273, -1.98658, 1.85529, 
7.21066, 10.2939, 0.198304, -1.58513, 1.87239, 6.34693, 9.3989, 1.05632, -2.02948, 1.77716, 
7.53224, 10.0265, -1.01971, -1.39281, 1.80976, 6.66614, 9.25073, -0.0132888, -1.93982, 1.66729, 
7.81587, 9.63203, -2.18223, -1.06298, 1.74775, 6.95815, 8.99838, -1.06318, -1.73282, 1.53709, 
8.06579, 9.09254, -3.28961, -0.602379, 1.71752, 7.23034, 8.62156, -2.09803, -1.4047, 1.40608, 
8.29037, 8.35855, -4.35014, -0.00564898, 1.76626, 7.4964, 8.06928, -3.1316, -0.936525, 1.30344, 
8.47897, 7.451, -5.25634, 0.648558, 1.94773, 7.74476, 7.33609, -4.05984, -0.37186, 1.28337, 
8.63366, 6.41488, -5.95166, 1.25499, 2.28264, 7.96824, 6.44131, -4.81162, 0.211095, 1.38437, 
8.76253, 5.26323, -6.44628, 1.73695, 2.76307, 8.16285, 5.38649, -5.3771, 0.745658, 1.61934, 
8.86385, 4.00771, -6.757, 2.03131, 3.35261, 8.31389, 4.18038, -5.75561, 1.16734, 1.97727, 
8.92596, 2.66331, -6.89782, 2.09596, 3.99171, 8.39979, 2.84402, -5.95058, 1.42368, 2.42393, 
8.93161, 1.25401, -6.87365, 1.9153, 4.60762, 8.39975, 1.41466, -5.96559, 1.48333, 2.90761, 
8.86485, -0.183229, -6.67868, 1.50386, 5.1276, 8.30198, -0.054096, -5.80259, 1.34271, 3.36927, 
8.74938, -1.35255, -6.38085, 1.02311, 5.44202, 8.14932, -1.24732, -5.5357, 1.09441, 3.69446, 
8.57997, -2.47482, -5.95098, 0.455869, 5.63309, 7.94035, -2.38586, -5.15088, 0.756457, 3.94648, 
8.33972, -3.61039, -5.32521, -0.206024, 5.69808, 7.66261, -3.52889, -4.60018, 0.328757, 4.12659, 
8.05381, -4.6127, -4.5422, -0.843488, 5.63072, 7.35181, -4.53078, -3.92558, -0.105503, 4.21019, 
7.73562, -5.45362, -3.62046, -1.39032, 5.46748, 7.02404, -5.36965, -3.14622, -0.492076, 4.21546, 
7.39691, -6.11778, -2.59208, -1.79184, 5.25452, 6.68975, -6.03725, -2.2888, -0.784632, 4.17017, 
7.00438, -6.64797, -1.37125, -2.02279, 5.01427, 6.31362, -6.58508, -1.28004, -0.958964, 4.09733, 
6.60105, -6.96912, -0.139036, -2.00127, 4.81982, 5.9313, -6.94299, -0.265799, -0.947691, 4.0365, 
6.18558, -7.10796, 1.03739, -1.72869, 4.69958, 5.53353, -7.1384, 0.70294, -0.744969, 4.01218, 
5.75228, -7.09879, 2.09978, -1.22699, 4.65794, 5.10736, -7.20265, 1.57986, -0.362002, 4.03365, 
5.27702, -6.97269, 3.03167, -0.505561, 4.6807, 4.62202, -7.16433, 2.34964, 0.198089, 4.09904, 
4.72716, -6.74943, 3.80804, 0.440588, 4.74281, 4.03666, -7.0398, 2.98553, 0.9426, 4.19943, 
4.12725, -6.47482, 4.33945, 1.50122, 4.79724, 3.37434, -6.859, 3.40415, 1.78575, 4.3048, 
3.47442, -6.18018, 4.62848, 2.60975, 4.79795, 2.6365, -6.64401, 3.59792, 2.6724, 4.38831, 
2.73685, -5.87206, 4.68871, 3.75658, 4.70091, 1.79771, -6.39612, 3.56631, 3.59065, 4.42962, 
1.92842, -5.56626, 4.51804, 4.86349, 4.46787, 0.893369, -6.12189, 3.30183, 4.47124, 4.40857, 
1.09976, -5.27731, 4.14835, 5.83114, 4.09607, 0.00741854, -5.83208, 2.83973, 5.22739, 4.32173, 
0.278162, -4.99888, 3.62232, 6.62534, 3.60587, -0.802843, -5.52554, 2.22999, 5.82585, 4.18038, 
-0.509747, -4.71903, 2.98413, 7.23319, 3.03774, -1.48769, -5.20134, 1.52861, 6.25264, 4.003, 
-1.24199, -4.4232, 2.27807, 7.66129, 2.44358, -2.01511, -4.86021, 0.791372, 6.51158, 3.80974, 
-1.90318, -4.09698, 1.54724, 7.93125, 1.876, -2.37553, -4.50442, 0.0679545, 6.62017, 3.61781, 
-2.48455, -3.72857, 0.832442, 8.07375, 1.37871, -2.58029, -4.13718, -0.602307, 6.60437, 3.43909, 
-2.98266, -3.31068, 0.170866, 8.12263, 0.980394, -2.6556, -3.76206, -1.19225, 6.49356, 3.27973, 
-3.39782, -2.84177, -0.405066, 8.11026, 0.692817, -2.63472, -3.38261, -1.68648, 6.3167, 3.1413, 
-3.7327, -2.3264, -0.868783, 8.06453, 0.512482, -2.55094, -3.00228, -2.07951, 6.0999, 3.02238, 
-3.99148, -1.77476, -1.20038, 8.00743, 0.4242, -2.43276, -2.62436, -2.37312, 5.86511, 2.92008, 
-4.16099, -1.26862, -1.37313, 7.96014, 0.404701, -2.3168, -2.29477, -2.55498, 5.65667, 2.84084, 
-4.27918, -0.757652, -1.42855, 7.92305, 0.421055, -2.20017, -1.97144, -2.67033, 5.45706, 2.7698, 
-4.35057, -0.254637, -1.36693, 7.89946, 0.4542, -2.08785, -1.65626, -2.72589, 5.27302, 2.70497, 
-4.37997, 0.227856, -1.19255, 7.88953, 0.485591, -1.98094, -1.35113, -2.72837, 5.1092, 2.64456, 
-4.37148, 0.69501, -0.9005, 7.89089, 0.498055, -1.87336, -1.04694, -2.68159, 4.96349, 2.58478, 
-4.32667, 1.13216, -0.490425, 7.89894, 0.471792, -1.7599, -0.747228, -2.58668, 4.84008, 2.5241, 
-4.24685, 1.52964, 0.040733, 7.90513, 0.385126, -1.62986, -0.452519, -2.44297, 4.74103, 2.45976, 
-4.13016, 1.88143, 0.709536, 7.8945, 0.209086, -1.46358, -0.159503, -2.2437, 4.6677, 2.38677, 
-3.98428, 2.15495, 1.47628, 7.8444, -0.0709617, -1.24792, 0.112379, -1.99718, 4.62634, 2.30451, 
-3.8226, 2.33404, 2.27716, 7.73283, -0.442735, -0.976708, 0.348724, -1.72106, 4.61652, 2.21331, 
-3.6524, 2.42524, 3.07836, 7.5394, -0.887704, -0.642556, 0.553747, -1.4242, 4.63327, 2.11053, 
-3.4792, 2.43836, 3.84969, 7.24815, -1.37747, -0.246285, 0.737326, -1.11432, 4.67162, 1.99382, 
-3.30669, 2.3852, 4.56617, 6.85033, -1.87783, 0.201407, 0.914609, -0.797325, 4.72684, 1.86121, 
-3.12802, 2.27158, 5.24015, 6.31758, -2.37748, 0.705008, 1.11439, -0.460466, 4.79801, 1.70277, 
-2.94059, 2.10129, 5.85449, 5.63396, -2.84215, 1.24216, 1.3656, -0.0995495, 4.88218, 1.51082, 
-2.73917, 1.87942, 6.39022, 4.794, -3.23236, 1.7706, 1.70175, 0.291654, 4.97293, 1.27609, 
-2.5329, 1.63653, 6.79909, 3.89147, -3.49109, 2.19506, 2.11417, 0.686867, 5.05038, 1.01293, 
-2.31415, 1.39004, 7.0954, 2.97373, -3.61771, 2.4784, 2.5954, 1.09014, 5.09765, 0.723745, 
-2.07483, 1.15628, 7.29896, 2.08364, -3.62081, 2.60491, 3.12463, 1.50715, 5.09474, 0.413582, 
-1.7675, 0.924862, 7.44582, 1.14322, -3.48733, 2.56669, 3.7525, 2.00837, 5.00153, 0.0437464, 
-1.42036, 0.753806, 7.52963, 0.318388, -3.22201, 2.37248, 4.36383, 2.53952, 4.77994, -0.325558, 
-1.03884, 0.664632, 7.57369, -0.371569, -2.8377, 2.08447, 4.92418, 3.09244, 4.39962, -0.671078, 
-0.640062, 0.674463, 7.59194, -0.920355, -2.34849, 1.77536, 5.41338, 3.63988, 3.84084, -0.963618, 
-0.25108, 0.791806, 7.58846, -1.33173, -1.77366, 1.51665, 5.82784, 4.13412, 3.10347, -1.16972, 
0.0982776, 1.01272, 7.55943, -1.61683, -1.13952, 1.36862, 6.17902, 4.51233, 2.21487, -1.25645, 
0.345256, 1.26626, 7.50983, -1.77039, -0.58432, 1.36153, 6.44019, 4.69069, 1.39266, -1.2189, 
0.547443, 1.56624, 7.43281, -1.85732, -0.030042, 1.47731, 6.68388, 4.70211, 0.551609, -1.07551, 
0.691646, 1.8461, 7.34392, -1.88774, 0.42576, 1.67621, 6.88301, 4.55799, -0.136481, -0.877157, 
0.823499, 2.14078, 7.23268, -1.88638, 0.856872, 1.96605, 7.0743, 4.25892, -0.763337, -0.623801, 
0.957986, 2.44544, 7.09851, -1.86119, 1.25521, 2.34183, 7.24999, 3.79917, -1.29606, -0.338126, 
1.10884, 2.758, 6.94027, -1.82033, 1.61503, 2.79545, 7.39435, 3.1815, -1.70594, -0.0482469, 
1.29324, 3.0923, 6.7471, -1.7698, 1.94554, 3.3397, 7.48569, 2.38339, -1.97786, 0.227255, 
1.5074, 3.43588, 6.52114, -1.71988, 2.22866, 3.94113, 7.48207, 1.45706, -2.07363, 0.449036, 
1.75943, 3.80855, 6.24133, -1.67637, 2.47578, 4.6164, 7.33205, 0.390595, -1.97671, 0.610822, 
1.96632, 4.10413, 5.99032, -1.65343, 2.63169, 5.1532, 7.08432, -0.457657, -1.76713, 0.689792, 
2.18583, 4.41524, 5.69371, -1.64195, 2.76115, 5.70774, 6.68523, -1.31642, -1.44072, 0.744495, 
2.40592, 4.72581, 5.35758, -1.6436, 2.85749, 6.2421, 6.13232, -2.10911, -1.03118, 0.79385, 
2.63622, 5.04335, 4.96061, -1.65782, 2.92288, 6.76183, 5.39118, -2.826, -0.55583, 0.866994, 
2.88525, 5.36311, 4.4838, -1.68242, 2.95274, 7.25295, 4.4369, -3.42593, -0.0543587, 0.995319, 
3.14511, 5.6503, 3.94949, -1.70881, 2.94179, 7.66376, 3.34899, -3.83115, 0.380431, 1.18987, 
3.42406, 5.88886, 3.35822, -1.72592, 2.89137, 7.98355, 2.17931, -4.02893, 0.697661, 1.44712, 
3.72989, 6.06136, 2.71389, -1.72056, 2.80491, 8.2085, 0.988565, -4.01743, 0.870086, 1.7476, 
4.06827, 6.14998, 2.02474, -1.67882, 2.68898, 8.3418, -0.160405, -3.80249, 0.900218, 2.0633, 
4.44091, 6.13731, 1.30432, -1.58818, 2.55399, 8.39266, -1.20908, -3.39667, 0.819539, 2.36695, 
4.8437, 6.00737, 0.571959, -1.44018, 2.41443, 8.37439, -2.1089, -2.82076, 0.681168, 2.64006, 
5.26567, 5.7468, -0.147449, -1.23324, 2.28803, 8.30175, -2.82564, -2.10586, 0.548016, 2.87723, 
5.68938, 5.34636, -0.824676, -0.974978, 2.19392, 8.18849, -3.34197, -1.29379, 0.47969, 3.08575, 
6.09244, 4.80284, -1.4285, -0.683088, 2.14951, 8.04549, -3.65798, -0.434102, 0.521748, 3.28155, 
6.44917, 4.12086, -1.92869, -0.383856, 2.16667, 7.88012, -3.78923, 0.421879, 0.69997, 3.48325, 
6.7316, 3.31457, -2.29895, -0.107866, 2.24848, 7.69705, -3.76291, 1.22802, 1.02028, 3.70696, 
6.90976, 2.40886, -2.51934, 0.116535, 2.38779, 7.50008, -3.61265, 1.94914, 1.47298, 3.96276, 
6.94648, 1.31918, -2.57426, 0.284117, 2.59278, 7.26854, -3.33939, 2.63125, 2.11452, 4.29043, 
6.76796, 0.216182, -2.42612, 0.359904, 2.82183, 7.0354, -2.99767, 3.17004, 2.86538, 4.65072, 
6.47308, -0.566101, -2.19675, 0.369784, 2.99247, 6.86811, -2.72044, 3.48147, 3.47408, 4.9245, 
5.99841, -1.3177, -1.86593, 0.358109, 3.1651, 6.7023, -2.41923, 3.73709, 4.14827, 5.19876, 
5.35393, -1.95724, -1.47486, 0.347085, 3.3278, 6.5511, -2.1185, 3.92839, 4.84023, 5.43113, 
4.51017, -2.47489, -1.04265, 0.359848, 3.48992, 6.40976, -1.81162, 4.07315, 5.56775, 5.5935, 
3.52597, -2.8164, -0.6319, 0.414012, 3.64927, 6.28435, -1.51853, 4.17507, 6.28152, 5.63173, 
2.39112, -2.98021, -0.262726, 0.522549, 3.82206, 6.16505, -1.22804, 4.2509, 7.00177, 5.49142, 
1.35727, -2.96585, -0.00983205, 0.660422, 3.9863, 6.0651, -0.987151, 4.30206, 7.60013, 5.17482, 
0.384029, -2.82497, 0.165249, 0.826262, 4.16224, 5.96781, -0.767563, 4.34564, 8.13396, 4.66248, 
-0.337055, -2.63567, 0.260818, 0.979471, 4.3208, 5.88511, -0.600064, 4.38126, 8.52141, 4.08135, 
-0.929193, -2.40946, 0.321663, 1.13922, 4.48937, 5.79948, -0.448801, 4.41894, 8.84286, 3.37674, 
-1.36386, -2.17232, 0.361087, 1.30178, 4.66781, 5.70904, -0.3138, 4.46062, 9.09108, 2.57147, 
-1.64167, -1.92012, 0.394516, 1.48538, 4.87928, 5.59949, -0.181277, 4.51354, 9.27609, 1.58557, 
-1.68761, -1.70179, 0.428453, 1.66962, 5.10115, 5.47902, -0.0683139, 4.57336, 9.3583, 0.563144, 
-1.50821, -1.52204, 0.47075, 1.85553, 5.33166, 5.34489, 0.0260548, 4.63968, 9.33811, -0.441852, 
-1.12514, -1.37029, 0.5259, 2.04499, 5.56866, 5.19416, 0.103086, 4.71144, 9.22031, -1.37895, 
-0.572799, -1.22429, 0.596616, 2.2403, 5.80964, 5.02361, 0.164337, 4.78725, 9.01372, -2.20643, 
0.132997, -1.04882, 0.688343, 2.45188, 6.06102, 4.82177, 0.213299, 4.86868, 8.71824, -2.9187, 
0.918879, -0.819546, 0.799001, 2.67459, 6.3096, 4.59081, 0.249911, 4.95134, 8.35636, -3.46481, 
1.72939, -0.514186, 0.926395, 2.90982, 6.55066, 4.32677, 0.277364, 5.03403, 7.94545, -3.84417, 
2.51451, -0.121709, 1.06535, 3.15739, 6.77869, 4.02622, 0.299487, 5.11602, 7.50246, -4.0693, 
3.27178, 0.386288, 1.21633, 3.42971, 6.99832, 3.66661, 0.321977, 5.20151, 7.01675, -4.16344, 
3.92406, 0.978039, 1.36245, 3.70832, 7.18826, 3.26282, 0.349256, 5.28618, 6.52693, -4.14028, 
4.48649, 1.68026, 1.50475, 4.00529, 7.34889, 2.7847, 0.390429, 5.3767, 6.01084, -4.02114, 
4.95505, 2.53644, 1.64481, 4.33227, 7.4662, 2.18734, 0.461106, 5.48236, 5.43954, -3.80832, 
5.29087, 3.59028, 1.78604, 4.69072, 7.49476, 1.41935, 0.589366, 5.6174, 4.78308, -3.49867, 
5.4164, 4.61773, 1.91611, 4.99261, 7.38274, 0.638877, 0.76731, 5.76729, 4.15851, -3.17823, 
5.37884, 5.58865, 2.06271, 5.2241, 7.12031, -0.107659, 0.985125, 5.93854, 3.5545, -2.8762, 
5.21988, 6.49202, 2.25221, 5.37194, 6.70777, -0.77641, 1.22023, 6.13443, 2.95811, -2.60469, 
4.97278, 7.32854, 2.50264, 5.41872, 6.15694, -1.33218, 1.44176, 6.35202, 2.36033, -2.36279, 
4.62705, 8.18579, 2.85685, 5.32179, 5.41349, -1.78898, 1.63383, 6.60668, 1.69382, -2.11539, 
4.23891, 8.97057, 3.26868, 5.02678, 4.58781, -2.06209, 1.73916, 6.85366, 1.03982, -1.86746, 
3.93819, 9.51742, 3.5859, 4.64519, 3.95515, -2.14765, 1.75556, 7.02235, 0.56882, -1.6623, 
3.63224, 10.056, 3.8825, 4.06921, 3.32237, -2.13076, 1.72014, 7.17698, 0.105595, -1.41183, 
3.40375, 10.4755, 4.05221, 3.44015, 2.85991, -2.03573, 1.65927, 7.28489, -0.242862, -1.16456, 
3.2312, 10.8442, 4.09111, 2.72432, 2.51499, -1.88009, 1.58831, 7.3682, -0.528345, -0.890593, 
3.13228, 11.159, 3.95806, 1.97219, 2.30591, -1.67691, 1.52468, 7.42952, -0.744586, -0.594562, 
3.11689, 11.3848, 3.68219, 1.34298, 2.23376, -1.47086, 1.48724, 7.46741, -0.874644, -0.327079, 
3.17259, 11.5642, 3.249, 0.780524, 2.24793, -1.24089, 1.4738, 7.49348, -0.954337, -0.055289, 
3.30158, 11.6912, 2.6635, 0.327648, 2.32528, -0.989729, 1.48919, 7.50927, -0.988262, 0.21435, 
3.47754, 11.7529, 2.02671, 0.0451895, 2.42559, -0.750149, 1.5293, 7.51541, -0.985065, 0.448299, 
3.70765, 11.757, 1.30301, -0.103566, 2.53709, -0.499314, 1.59477, 7.51425, -0.955854, 0.672434, 
3.98688, 11.6926, 0.518843, -0.108588, 2.64776, -0.241988, 1.68507, 7.50565, -0.906378, 0.884296, 
4.3203, 11.5414, -0.323173, 0.0385449, 2.75731, 0.0245588, 1.80315, 7.48849, -0.840094, 1.08897, 
4.69054, 11.2914, -1.16153, 0.331135, 2.8679, 0.284384, 1.94418, 7.4623, -0.76458, 1.27849, 
5.08793, 10.9313, -1.96218, 0.748439, 2.99463, 0.530643, 2.10519, 7.42643, -0.685508, 1.45331, 
5.5234, 10.4256, -2.73122, 1.28635, 3.16782, 0.768464, 2.2916, 7.3777, -0.603901, 1.6224, 
6.00397, 9.72271, -3.45713, 1.93209, 3.43077, 0.997087, 2.50781, 7.31129, -0.521789, 1.79152, 
6.51705, 8.77977, -4.10006, 2.62524, 3.83071, 1.20537, 2.74852, 7.22311, -0.444283, 1.96092, 
7.00044, 7.66448, -4.59162, 3.21699, 4.35647, 1.36986, 2.98202, 7.11923, -0.380553, 2.11803, 
7.43546, 6.39821, -4.94693, 3.62357, 4.98998, 1.49623, 3.19573, 7.00151, -0.329064, 2.26543, 
7.80488, 5.00856, -5.18232, 3.78088, 5.69055, 1.60213, 3.37979, 6.87215, -0.285909, 2.40519, 
8.09321, 3.529, -5.30319, 3.65076, 6.40289, 1.72109, 3.52805, 6.73232, -0.245733, 2.539, 
8.28728, 2.00026, -5.29586, 3.22618, 7.06623, 1.90195, 3.63697, 6.58029, -0.202501, 2.66842, 
8.37972, 0.329602, -5.10018, 2.46088, 7.66829, 2.23764, 3.70624, 6.39266, -0.144004, 2.80703, 
8.36258, -0.859184, -4.79436, 1.74822, 7.99514, 2.61522, 3.71829, 6.23213, -0.0878683, 2.90885, 
8.26263, -2.03832, -4.28804, 0.928714, 8.21353, 3.15579, 3.68682, 6.03291, -0.0104268, 3.0182, 
8.11137, -2.94029, -3.69748, 0.251188, 8.29135, 3.7251, 3.61745, 5.83565, 0.0744763, 3.11336, 
7.90265, -3.7161, -2.96915, -0.334517, 8.27858, 4.37066, 3.50436, 5.61343, 0.180286, 3.21082, 
7.64091, -4.34756, -2.12659, -0.768099, 8.19581, 5.05928, 3.34475, 5.3698, 0.310191, 3.3115, 
7.33159, -4.82559, -1.20851, -1.00319, 8.07167, 5.7505, 3.13748, 5.1126, 0.466663, 3.41617, 
6.98071, -5.15156, -0.263918, -1.01331, 7.93837, 6.40227, 2.88269, 4.85349, 0.651313, 3.52533, 
6.5942, -5.3367, 0.655039, -0.793614, 7.82658, 6.97532, 2.58136, 4.60677, 0.864992, 3.63894, 
6.17748, -5.40005, 1.5004, -0.358357, 7.7612, 7.43543, 2.23535, 4.3877, 1.10812, 3.75613, 
5.71745, -5.36245, 2.25964, 0.291669, 7.76009, 7.76259, 1.83231, 4.2048, 1.39229, 3.87947, 
5.23341, -5.24733, 2.8696, 1.10326, 7.83504, 7.90833, 1.39166, 4.07992, 1.70968, 4.00046, 
4.72787, -5.08111, 3.316, 2.03261, 7.98375, 7.84757, 0.924858, 4.01997, 2.06198, 4.11295, 
4.13574, -4.86043, 3.62028, 3.16457, 8.22307, 7.50523, 0.390127, 4.02847, 2.50241, 4.21862, 
3.52154, -4.62612, 3.72543, 4.33094, 8.50556, 6.85133, -0.1224, 4.10183, 2.99062, 4.287, 
2.88786, -4.39106, 3.65127, 5.4795, 8.78194, 5.87693, -0.573395, 4.21052, 3.52471, 4.29988, 
2.24205, -4.16003, 3.42254, 6.55956, 8.98898, 4.5991, -0.919047, 4.31656, 4.09377, 4.23816, 
1.59741, -3.93163, 3.0678, 7.52483, 9.05741, 3.07042, -1.11878, 4.38442, 4.67633, 4.08546, 
1.05397, -3.73175, 2.68194, 8.24004, 8.95544, 1.60877, -1.15197, 4.39681, 5.1699, 3.87105, 
0.5436, -3.52697, 2.24717, 8.82218, 8.67336, 0.104446, -1.0504, 4.36936, 5.62912, 3.57923, 
0.166699, -3.35567, 1.87417, 9.19135, 8.30474, -1.08909, -0.878517, 4.33124, 5.96328, 3.28791, 
-0.166095, -3.17945, 1.49587, 9.46936, 7.81545, -2.21245, -0.644804, 4.29628, 6.25496, 2.95161, 
-0.476088, -2.97657, 1.07824, 9.68063, 7.13792, -3.34788, -0.339796, 4.28234, 6.52676, 2.52571, 
-0.732658, -2.74345, 0.630933, 9.80849, 6.24029, -4.43245, 0.00759336, 4.32236, 6.76083, 1.99039, 
-0.890262, -2.47658, 0.168095, 9.84252, 5.09223, -5.39159, 0.330661, 4.45446, 6.93522, 1.31798, 
-0.89261, -2.21885, -0.224656, 9.79642, 3.88789, -6.0442, 0.494447, 4.65855, 7.01409, 0.606274, 
-0.774887, -2.01228, -0.49667, 9.72407, 2.87079, -6.37451, 0.473231, 4.84856, 7.01486, -0.00465875, 
-0.554696, -1.81644, -0.713532, 9.64137, 1.88342, -6.52087, 0.299928, 5.01167, 6.96696, -0.602588, 
-0.243853, -1.62887, -0.876796, 9.56225, 0.947975, -6.49733, -0.00964881, 5.10887, 6.88544, -1.16422, 
0.141957, -1.44469, -0.988954, 9.49582, 0.0826308, -6.31378, -0.422944, 5.11111, 6.78794, -1.66648, 
0.584579, -1.25756, -1.05273, 9.44693, -0.696867, -5.97771, -0.896204, 5.00438, 6.69191, -2.08902, 
1.06484, -1.06112, -1.07074, 9.41692, -1.37629, -5.4975, -1.38092, 4.79134, 6.61155, -2.41593, 
1.56379, -0.850221, -1.04551, 9.40426, -1.94282, -4.88589, -1.83031, 4.48964, 6.55574, -2.63656, 
2.09793, -0.605367, -0.973535, 9.40573, -2.41171, -4.10844, -2.22759, 4.10107, 6.52655, -2.749, 
2.63643, -0.327757, -0.852115, 9.41717, -2.74105, -3.19422, -2.51575, 3.66511, 6.52736, -2.73009, 
3.15522, -0.0192335, -0.680108, 9.43115, -2.90512, -2.18191, -2.65853, 3.22615, 6.5554, -2.56934, 
3.61345, 0.300428, -0.467547, 9.43838, -2.8921, -1.16754, -2.64287, 2.84216, 6.60297, -2.27989, 
3.9994, 0.620632, -0.220735, 9.43155, -2.71896, -0.206944, -2.48943, 2.53648, 6.66323, -1.88261, 
4.30669, 0.930436, 0.0539704, 9.40594, -2.4123, 0.654236, -2.22982, 2.31661, 6.73185, -1.40144, 
4.53352, 1.22023, 0.350592, 9.35981, -2.00556, 1.38506, -1.89935, 2.17816, 6.80687, -0.860931, 
4.68149, 1.48287, 0.663904, 9.29418, -1.53539, 1.97055, -1.53113, 2.1102, 6.88806, -0.284509, 
4.75436, 1.71433, 0.989694, 9.21213, -1.03801, 2.41003, -1.15206, 2.09989, 6.97635, 0.306593, 
4.75542, 1.92216, 1.3406, 9.1133, -0.524258, 2.72493, -0.764332, 2.13823, 7.07791, 0.920322, 
4.68545, 2.09733, 1.69978, 9.00609, -0.0484188, 2.91181, -0.397624, 2.21692, 7.19076, 1.51059, 
4.5415, 2.25255, 2.08652, 8.88838, 0.385031, 2.99773, -0.0382546, 2.3365, 7.3237, 2.08857, 
4.32432, 2.39095, 2.49661, 8.76376, 0.739128, 2.999, 0.307237, 2.49612, 7.47767, 2.62019, 
3.99665, 2.53914, 2.98936, 8.61343, 1.0124, 2.93182, 0.685747, 2.72717, 7.67737, 3.1281, 
3.57905, 2.7027, 3.53863, 8.43626, 1.1303, 2.82993, 1.07874, 3.03058, 7.90963, 3.50657, 
3.12195, 2.89182, 4.11836, 8.21947, 1.0732, 2.74476, 1.48073, 3.39921, 8.14854, 3.6834, 
2.66601, 3.1202, 4.73234, 7.92928, 0.858703, 2.71321, 1.91269, 3.84051, 8.36924, 3.63038, 
2.25974, 3.39336, 5.37718, 7.52284, 0.517109, 2.75653, 2.39715, 4.36036, 8.53079, 3.33052, 
1.95385, 3.71156, 6.03676, 6.95311, 0.091246, 2.87612, 2.95942, 4.95979, 8.57167, 2.78644, 
1.79073, 4.07713, 6.67751, 6.1765, -0.364354, 3.05027, 3.62571, 5.62982, 8.40714, 2.03005, 
1.78866, 4.50252, 7.24649, 5.16276, -0.785998, 3.23508, 4.41545, 6.34261, 7.93319, 1.13077, 
1.89111, 4.90962, 7.60899, 4.15476, -1.0575, 3.35438, 5.15181, 6.91583, 7.24287, 0.36616, 
2.04641, 5.38212, 7.83239, 2.99786, -1.22522, 3.41513, 5.95419, 7.42491, 6.23279, -0.345691, 
2.17364, 5.82014, 7.87896, 1.95343, -1.26374, 3.41073, 6.64358, 7.74406, 5.15058, -0.835482, 
2.26341, 6.2877, 7.77516, 0.861359, -1.19983, 3.36107, 7.33017, 7.91712, 3.86806, -1.18956, 
2.29169, 6.78685, 7.48347, -0.297205, -1.02001, 3.27955, 8.02207, 7.8822, 2.35742, -1.37899, 
2.26101, 7.1803, 7.09458, -1.22058, -0.793701, 3.21392, 8.54949, 7.64434, 1.05385, -1.37931, 
2.1967, 7.53655, 6.57563, -2.07519, -0.516587, 3.17543, 9.02256, 7.19225, -0.223101, -1.24434, 
2.13448, 7.80636, 6.02752, -2.73771, -0.255809, 3.1812, 9.38274, 6.61811, -1.2532, -1.03712, 
2.08773, 8.03663, 5.39729, -3.3112, 0.00171016, 3.23416, 9.69256, 5.87648, -2.16579, -0.775001, 
2.07473, 8.2423, 4.63257, -3.82022, 0.250956, 3.34912, 9.96737, 4.89588, -2.98073, -0.470211, 
2.11691, 8.41453, 3.73765, -4.22538, 0.452771, 3.53168, 10.184, 3.67554, -3.61349, -0.175066, 
2.2202, 8.54688, 2.72494, -4.49312, 0.565646, 3.77024, 10.3168, 2.24427, -3.9892, 0.0464001, 
2.36062, 8.63047, 1.66589, -4.59424, 0.559132, 4.02254, 10.3411, 0.733931, -4.05379, 0.139544, 
2.47795, 8.6626, 0.8009, -4.55301, 0.466918, 4.20933, 10.2774, -0.48315, -3.88136, 0.119188, 
2.58183, 8.66366, -0.0542348, -4.40151, 0.306874, 4.36169, 10.1405, -1.65184, -3.51817, 0.0318199, 
2.66292, 8.63448, -0.878441, -4.14008, 0.0961617, 4.46658, 9.93672, -2.72842, -2.98102, -0.091354, 
2.72276, 8.57304, -1.68392, -3.75241, -0.152917, 4.51938, 9.664, -3.71445, -2.26139, -0.215579, 
2.7687, 8.47412, -2.45676, -3.21817, -0.417121, 4.5153, 9.32324, -4.57584, -1.3583, -0.291557, 
2.81653, 8.33453, -3.14798, -2.54378, -0.6515, 4.46004, 8.93333, -5.24607, -0.325035, -0.257713, 
2.88566, 8.1561, -3.70783, -1.77579, -0.805921, 4.37714, 8.52738, -5.6828, 0.733933, -0.0719795, 
2.99119, 7.93432, -4.13222, -0.947385, -0.851201, 4.29385, 8.11834, -5.90533, 1.75446, 0.280868, 
3.13738, 7.6622, -4.42555, -0.096391, -0.769417, 4.23402, 7.71211, -5.94618, 2.68307, 0.79596, 
3.31733, 7.3314, -4.59874, 0.738249, -0.554085, 4.21386, 7.30831, -5.84478, 3.48138, 1.45317, 
3.51546, 6.93391, -4.66717, 1.52011, -0.208899, 4.24009, 6.90186, -5.64193, 4.12725, 2.2229, 
3.72799, 6.41698, -4.64306, 2.2776, 0.302266, 4.3186, 6.44549, -5.34894, 4.65, 3.15218, 
3.91972, 5.75947, -4.52727, 2.95037, 0.985489, 4.44687, 5.9238, -4.9946, 5.00726, 4.21072, 
4.03674, 5.00853, -4.34481, 3.45079, 1.76809, 4.59567, 5.35819, -4.63905, 5.16811, 5.27429, 
4.04645, 4.14498, -4.10651, 3.78537, 2.65131, 4.74277, 4.70518, -4.2914, 5.15424, 6.34552, 
3.90506, 3.1862, -3.82223, 3.94037, 3.6094, 4.85428, 3.93691, -3.96335, 4.96852, 7.38773, 
3.60141, 2.24732, -3.5234, 3.91793, 4.53673, 4.88749, 3.09825, -3.67708, 4.64083, 8.29143, 
3.15455, 1.3943, -3.2232, 3.75862, 5.39215, 4.81763, 2.20954, -3.42019, 4.20364, 9.03238, 
2.69413, 0.780018, -2.97478, 3.54882, 6.04069, 4.66547, 1.44059, -3.21196, 3.76999, 9.52741, 
2.19727, 0.292345, -2.73707, 3.29811, 6.60687, 4.42385, 0.68682, -3.00175, 3.3004, 9.90308, 
1.70316, -0.0589674, -2.5122, 3.02909, 7.08736, 4.09465, -0.0227012, -2.78187, 2.81587, 10.1707, 
1.24817, -0.277903, -2.29986, 2.76012, 7.48408, 3.68545, -0.659915, -2.54894, 2.33742, 10.3469, 
0.907055, -0.372443, -2.12359, 2.5373, 7.76536, 3.27439, -1.13635, -2.33676, 1.94177, 10.4404, 
0.630228, -0.393476, -1.95275, 2.33195, 7.99298, 2.82322, -1.52787, -2.11913, 1.57676, 10.4913, 
0.424189, -0.358376, -1.78505, 2.14894, 8.173, 2.34437, -1.82667, -1.90103, 1.25102, 10.5109, 
0.2897, -0.284967, -1.61865, 1.99153, 8.31169, 1.85102, -2.02925, -1.68796, 0.970235, 10.5086, 
0.221376, -0.185993, -1.44577, 1.85706, 8.41853, 1.33663, -2.13834, -1.47707, 0.728811, 10.4906, 
0.218505, -0.0759343, -1.26571, 1.74982, 8.49573, 0.814918, -2.14653, -1.27359, 0.532456, 10.4615, 
0.272509, 0.0268145, -1.08579, 1.67585, 8.54413, 0.320648, -2.05555, -1.08835, 0.389465, 10.4262, 
0.368885, 0.111591, -0.906864, 1.63435, 8.5685, -0.134328, -1.87619, -0.920704, 0.295755, 10.3876, 
0.500216, 0.174409, -0.719898, 1.62437, 8.57217, -0.56215, -1.60436, -0.759145, 0.245168, 10.3455, 
0.652187, 0.207314, -0.527107, 1.64945, 8.55495, -0.944069, -1.24528, -0.600525, 0.240202, 10.3013, 
0.808618, 0.206425, -0.327921, 1.71329, 8.51591, -1.2674, -0.804211, -0.436075, 0.283462, 10.2561, 
0.948777, 0.171947, -0.122623, 1.82021, 8.4532, -1.51796, -0.292635, -0.254867, 0.379516, 10.2113, 
1.04812, 0.110346, 0.0880361, 1.97457, 8.36444, -1.68408, 0.270926, -0.04423, 0.534479, 10.1681, 
1.08059, 0.0396254, 0.291964, 2.16859, 8.25361, -1.75839, 0.831845, 0.19495, 0.742753, 10.1288, 
1.03479, -0.0212794, 0.488996, 2.39927, 8.12153, -1.75549, 1.36868, 0.468774, 1.00349, 10.0906, 
0.904985, -0.0530692, 0.679172, 2.66307, 7.96895, -1.69282, 1.86575, 0.78084, 1.31602, 10.0474, 
0.691079, -0.0375034, 0.863585, 2.95573, 7.7965, -1.58889, 2.31331, 1.13329, 1.67948, 9.98896, 
0.398525, 0.0411941, 1.04568, 3.27235, 7.60442, -1.46154, 2.70711, 1.52788, 2.09249, 9.90018, 
0.0155468, 0.206069, 1.24386, 3.62763, 7.3791, -1.31888, 3.06539, 1.99351, 2.58061, 9.7506, 
-0.460431, 0.484789, 1.48055, 4.0275, 7.10732, -1.17308, 3.38909, 2.55491, 3.15955, 9.49073, 
-0.971777, 0.862262, 1.76687, 4.43847, 6.79745, -1.04907, 3.65523, 3.18287, 3.78005, 9.08464, 
-1.48229, 1.31376, 2.13438, 4.85403, 6.4346, -0.955076, 3.8716, 3.88174, 4.41755, 8.48409, 
-1.95253, 1.79321, 2.6126, 5.26521, 5.99621, -0.893395, 4.04426, 4.65257, 5.03066, 7.64499, 
-2.35415, 2.25035, 3.24265, 5.67059, 5.43098, -0.858774, 4.18038, 5.52096, 5.57282, 6.49368, 
-2.62493, 2.58665, 3.99901, 6.02775, 4.72053, -0.840472, 4.27269, 6.43925, 5.9245, 5.06359, 
-2.72427, 2.72706, 4.70896, 6.26646, 3.98401, -0.821055, 4.31562, 7.23202, 5.98934, 3.67464, 
-2.69944, 2.72262, 5.35411, 6.40663, 3.22519, -0.785781, 4.32694, 7.91753, 5.8074, 2.37368, 
-2.57101, 2.60511, 5.97261, 6.4602, 2.38413, -0.720508, 4.31716, 8.55155, 5.36492, 1.10106, 
-2.40966, 2.45173, 6.4194, 6.43185, 1.68181, -0.64153, 4.30057, 8.99349, 4.82768, 0.183506, 
-2.20433, 2.25738, 6.83571, 6.3297, 0.931249, -0.530278, 4.28301, 9.38466, 4.10065, -0.640124, 
-1.98449, 2.05004, 7.19652, 6.1492, 0.183139, -0.390206, 4.27495, 9.69219, 3.22742, -1.28348, 
-1.77399, 1.8484, 7.50209, 5.88838, -0.540196, -0.226274, 4.2871, 9.90651, 2.24514, -1.71263, 
-1.5803, 1.65367, 7.77149, 5.52329, -1.26, -0.0360869, 4.33315, 10.0256, 1.13073, -1.91287, 
-1.42618, 1.48652, 7.99028, 5.0729, -1.90715, 0.154344, 4.421, 10.029, 0.00465652, -1.84485, 
-1.31885, 1.36618, 8.14467, 4.62089, -2.39617, 0.304538, 4.53223, 9.93889, -0.933964, -1.58092, 
-1.22077, 1.2698, 8.27137, 4.11887, -2.81174, 0.427664, 4.67262, 9.76525, -1.80356, -1.1481, 
-1.09905, 1.19442, 8.38368, 3.51703, -3.17969, 0.518234, 4.85216, 9.48309, -2.65024, -0.509762, 
-0.918492, 1.15579, 8.47741, 2.82234, -3.46685, 0.549611, 5.0588, 9.08384, -3.4045, 0.316172, 
-0.655577, 1.16966, 8.54564, 2.09654, -3.63602, 0.504451, 5.25708, 8.6076, -3.9752, 1.21593, 
-0.288625, 1.24199, 8.5891, 1.35335, -3.68487, 0.384234, 5.42619, 8.08128, -4.36312, 2.12186, 
0.210593, 1.38024, 8.60455, 0.578899, -3.60561, 0.192004, 5.55381, 7.5146, -4.58801, 3.00502, 
0.825674, 1.57858, 8.58107, -0.182681, -3.39154, -0.0471381, 5.62399, 6.95873, -4.65842, 3.78212, 
1.54113, 1.82784, 8.50473, -0.912211, -3.04287, -0.303004, 5.63802, 6.4402, -4.60556, 4.42332, 
2.33538, 2.1157, 8.35802, -1.58828, -2.56593, -0.540241, 5.60679, 5.97621, -4.46062, 4.91701, 
3.18471, 2.4277, 8.12228, -2.1889, -1.97655, -0.722251, 5.54826, 5.57326, -4.25197, 5.26596, 
4.11996, 2.76654, 7.75636, -2.7215, -1.25898, -0.817906, 5.47976, 5.20863, -3.98804, 5.49169, 
5.06557, 3.09068, 7.25794, -3.12976, -0.490879, -0.783807, 5.42745, 4.89539, -3.70356, 5.58925, 
5.99863, 3.3727, 6.62399, -3.40594, 0.27434, -0.603936, 5.40759, 4.61407, -3.41753, 5.5813, 
6.89831, 3.58162, 5.86528, -3.55255, 0.98329, -0.278435, 5.42647, 4.34253, -3.1443, 5.48939, 
7.74529, 3.6856, 5.00834, -3.58096, 1.59138, 0.17737, 5.48041, 4.05859, -2.89366, 5.33224, 
8.52163, 3.65684, 4.09512, -3.50884, 2.06964, 0.736534, 5.55814, 3.7422, -2.67072, 5.12507, 
9.21132, 3.47759, 3.1798, -3.35751, 2.40779, 1.36568, 5.64428, 3.37729, -2.47579, 4.87981, 
9.80144, 3.14583, 2.32259, -3.14971, 2.61334, 2.03052, 5.72225, 2.95327, -2.30472, 4.60586, 
10.2838, 2.67861, 1.58126, -2.9076, 2.70712, 2.70053, 5.77586, 2.46618, -2.14951, 4.31126, 
10.6561, 2.11144, 1.00243, -2.65046, 2.71725, 3.35179, 5.78984, 1.91924, -1.99944, 4.00406, 
10.8889, 1.58778, 0.660381, -2.43078, 2.68214, 3.87757, 5.75984, 1.41533, -1.86712, 3.74022, 
11.0513, 1.06098, 0.461762, -2.21459, 2.62437, 4.37152, 5.68261, 0.885596, -1.72293, 3.48094, 
11.1519, 0.563566, 0.400895, -2.00212, 2.5578, 4.83006, 5.55069, 0.342812, -1.56133, 3.23446, 
11.2004, 0.123262, 0.462664, -1.79031, 2.49355, 5.2515, 5.35787, -0.198205, -1.37919, 3.0101, 
11.207, -0.239661, 0.625083, -1.57413, 2.44022, 5.63533, 5.09961, -0.721578, -1.17661, 2.81767, 
11.1812, -0.513787, 0.862322, -1.34829, 2.40428, 5.98162, 4.77354, -1.21144, -0.957425, 2.66646, 
11.1312, -0.696605, 1.14775, -1.10857, 2.39034, 6.29053, 4.37975, -1.65294, -0.72911, 2.56413, 
11.0638, -0.793415, 1.45657, -0.852611, 2.40149, 6.56196, 3.92097, -2.0331, -0.502119, 2.51535, 
10.9771, -0.814357, 1.79302, -0.556831, 2.44387, 6.81273, 3.35727, -2.36329, -0.27196, 2.52376, 
10.8812, -0.766575, 2.1121, -0.243206, 2.51858, 7.01678, 2.73375, -2.59909, -0.0729285, 2.5911, 
10.7802, -0.670454, 2.40067, 0.0855545, 2.62537, 7.17081, 2.06354, -2.73371, 0.0823978, 2.70708, 
10.6783, -0.544991, 2.65194, 0.426603, 2.76315, 7.27023, 1.36245, -2.76327, 0.186688, 2.85737, 
10.5747, -0.398839, 2.87367, 0.795195, 2.939, 7.30947, 0.613204, -2.68017, 0.241003, 3.03459, 
10.4646, -0.22766, 3.07972, 1.2338, 3.17869, 7.26159, -0.242953, -2.44111, 0.245274, 3.24322, 
10.3701, -0.0661206, 3.23813, 1.68398, 3.4504, 7.10159, -1.0525, -2.05997, 0.213457, 3.4386, 
10.3019, 0.0617157, 3.34422, 2.08633, 3.7061, 6.86138, -1.69452, -1.62825, 0.185741, 3.59371, 
10.2456, 0.174279, 3.42658, 2.49775, 3.96993, 6.52145, -2.25639, -1.12728, 0.186567, 3.73896, 
10.1946, 0.27256, 3.49391, 2.93971, 4.24328, 6.05425, -2.74478, -0.558333, 0.245028, 3.8925, 
10.1346, 0.354221, 3.55646, 3.46738, 4.5354, 5.36985, -3.17058, 0.109047, 0.414729, 4.09405, 
10.0564, 0.389054, 3.61218, 4.00723, 4.76874, 4.54836, -3.43926, 0.720447, 0.707948, 4.34451, 
9.95833, 0.371396, 3.66226, 4.47315, 4.89375, 3.76336, -3.54941, 1.15388, 1.05062, 4.61115, 
9.81234, 0.301399, 3.72151, 4.94446, 4.92697, 2.92214, -3.56047, 1.4837, 1.46666, 4.9367, 
9.59767, 0.172321, 3.79481, 5.41849, 4.84524, 2.05517, -3.48337, 1.69846, 1.93733, 5.32499, 
9.29059, -0.0192483, 3.88442, 5.8914, 4.62801, 1.19888, -3.33087, 1.79974, 2.44075, 5.77481, 
8.86531, -0.271777, 3.9886, 6.35756, 4.26015, 0.394056, -3.1182, 1.80107, 2.95501, 6.27911, 
8.25393, -0.598098, 4.10712, 6.8369, 3.69671, -0.357546, -2.84657, 1.71806, 3.49225, 6.85941, 
7.54396, -0.925443, 4.20666, 7.24147, 3.04707, -0.899578, -2.5841, 1.59587, 3.95088, 7.39645, 
6.66564, -1.26324, 4.28183, 7.6101, 2.2803, -1.28443, -2.3237, 1.45247, 4.37932, 7.92221, 
5.55365, -1.59802, 4.31186, 7.94506, 1.38314, -1.4935, -2.06981, 1.29962, 4.79371, 8.42824, 
4.45457, -1.83722, 4.27996, 8.17796, 0.580868, -1.50053, -1.87688, 1.17914, 5.11878, 8.7922, 
3.24325, -2.00146, 4.18415, 8.35267, -0.206424, -1.34785, -1.70689, 1.07587, 5.4168, 9.06252, 
2.09232, -2.06186, 4.04341, 8.45658, -0.861086, -1.08451, -1.56804, 1.00187, 5.66218, 9.20451, 
0.909196, -2.02322, 3.85845, 8.51156, -1.4388, -0.716333, -1.43166, 0.947821, 5.89002, 9.23697, 
-0.361107, -1.85861, 3.629, 8.5197, -1.94857, -0.225439, -1.2742, 0.914569, 6.11893, 9.13666, 
-1.57902, -1.56559, 3.39979, 8.4812, -2.32321, 0.332441, -1.09272, 0.909878, 6.33356, 8.88846, 
-2.70031, -1.15887, 3.20992, 8.4035, -2.5585, 0.924215, -0.877063, 0.935744, 6.53689, 8.49116, 
-3.68968, -0.670025, 3.09858, 8.29292, -2.66425, 1.51868, -0.622097, 0.99307, 6.73097, 7.94967, 
-4.52457, -0.145233, 3.09666, 8.15301, -2.66169, 2.08985, -0.3276, 1.08149, 6.91627, 7.27412, 
-5.21923, 0.379049, 3.22661, 7.97714, -2.57473, 2.63879, 0.0167875, 1.20479, 7.09768, 6.44486, 
-5.74065, 0.819236, 3.4848, 7.76921, -2.43539, 3.13006, 0.394702, 1.35771, 7.2629, 5.50441, 
-6.09992, 1.12008, 3.84181, 7.52994, -2.27396, 3.5592, 0.800804, 1.53757, 7.40412, 4.47326, 
-6.30943, 1.2422, 4.2503, 7.26563, -2.11254, 3.92747, 1.23124, 1.74161, 7.51071, 3.37355, 
-6.37728, 1.16717, 4.6539, 6.99069, -1.96285, 4.2395, 1.68386, 1.96687, 7.56966, 2.22951, 
-6.30433, 0.899696, 4.99727, 6.72721, -1.82667, 4.50137, 2.15771, 2.20972, 7.56623, 1.06854, 
-6.06841, 0.439437, 5.24483, 6.49043, -1.69103, 4.73027, 2.68007, 2.4796, 7.4778, -0.140624, 
-5.66076, -0.147325, 5.34294, 6.32396, -1.55162, 4.91715, 3.22326, 2.75485, 7.2853, -1.29181, 
-5.18457, -0.682884, 5.30439, 6.25234, -1.42137, 5.0462, 3.69209, 2.98095, 7.03336, -2.18023, 
-4.59316, -1.20711, 5.16551, 6.24612, -1.27018, 5.15375, 4.1689, 3.1925, 6.69384, -2.97126, 
-3.85566, -1.70277, 4.92968, 6.30625, -1.07765, 5.24852, 4.67985, 3.38866, 6.23563, -3.6833, 
-2.98647, -2.11075, 4.61444, 6.43223, -0.829262, 5.33115, 5.21734, 3.54599, 5.64681, -4.27343, 
-2.00251, -2.37684, 4.24316, 6.62015, -0.501864, 5.40469, 5.77922, 3.63231, 4.91042, -4.71002, 
-1.0491, -2.44586, 3.88765, 6.83792, -0.113582, 5.46632, 6.29623, 3.60509, 4.11419, -4.94162, 
-0.18547, -2.33332, 3.5802, 7.0677, 0.332429, 5.52092, 6.7456, 3.44561, 3.30917, -4.99609, 
0.551084, -2.0718, 3.33846, 7.29869, 0.829113, 5.57209, 7.10399, 3.14679, 2.55149, -4.9122, 
1.14758, -1.69973, 3.16901, 7.5262, 1.36686, 5.62098, 7.34931, 2.71684, 1.89473, -4.73162, 
1.61111, -1.25288, 3.0722, 7.7497, 1.93442, 5.66492, 7.46283, 2.18026, 1.38215, -4.49197, 
1.96127, -0.759807, 3.0461, 7.97117, 2.51894, 5.69617, 7.43148, 1.57577, 1.04056, -4.22164, 
2.22254, -0.240631, 3.08886, 8.19372, 3.10532, 5.70122, 7.25043, 0.951323, 0.876726, -3.93739, 
2.41867, 0.291888, 3.19966, 8.42062, 3.67494, 5.66126, 6.92564, 0.357016, 0.877378, -3.64467, 
2.55038, 0.754459, 3.34949, 8.62099, 4.1333, 5.57406, 6.54572, -0.0951965, 0.986909, -3.38433, 
2.65834, 1.2191, 3.55073, 8.82694, 4.54379, 5.4231, 6.09327, -0.470266, 1.17076, -3.11143, 
2.74954, 1.68476, 3.80474, 9.03731, 4.88475, 5.19701, 5.59493, -0.754812, 1.40188, -2.82186, 
2.82882, 2.15134, 4.11315, 9.24828, 5.13156, 4.89016, 5.08213, -0.944248, 1.65501, -2.51324, 
2.90374, 2.64849, 4.50206, 9.46446, 5.26108, 4.47963, 4.55859, -1.04513, 1.92492, -2.16478, 
2.97222, 3.1489, 4.95561, 9.65729, 5.22363, 3.99925, 4.09225, -1.05385, 2.17917, -1.79787, 
3.041, 3.68431, 5.50549, 9.80908, 4.97362, 3.45133, 3.69155, -0.97991, 2.42046, -1.39518, 
3.11369, 4.25822, 6.1573, 9.86663, 4.45913, 2.88857, 3.38997, -0.830612, 2.63948, -0.96275, 
3.19598, 4.87444, 6.90395, 9.74768, 3.65539, 2.3904, 3.20363, -0.618254, 2.83138, -0.509729, 
3.29251, 5.51519, 7.68967, 9.36082, 2.62877, 2.05095, 3.12763, -0.367287, 2.99051, -0.0612078, 
3.39254, 6.08454, 8.35143, 8.75374, 1.65157, 1.91562, 3.13036, -0.13584, 3.10434, 0.31381, 
3.51543, 6.67812, 8.95653, 7.84467, 0.668513, 1.91627, 3.18237, 0.102263, 3.20189, 0.68116, 
3.64927, 7.22594, 9.39583, 6.76686, -0.132393, 2.00313, 3.26539, 0.31366, 3.2775, 1.00151, 
3.81135, 7.7891, 9.68597, 5.44804, -0.794768, 2.1306, 3.38121, 0.521275, 3.34461, 1.31685, 
4.00672, 8.36019, 9.76765, 3.93143, -1.26381, 2.2555, 3.52684, 0.724104, 3.40474, 1.62875, 
4.24039, 8.92632, 9.5825, 2.29153, -1.50636, 2.34352, 3.6956, 0.92339, 3.45905, 1.93928, 
4.51695, 9.46775, 9.08137, 0.628557, -1.51939, 2.38013, 3.8773, 1.12197, 3.50845, 2.25079, 
4.7661, 9.85721, 8.44695, -0.617407, -1.38877, 2.37809, 4.02162, 1.27924, 3.54433, 2.49732, 
5.0448, 10.1975, 7.59609, -1.75292, -1.16675, 2.3623, 4.16288, 1.43915, 3.57823, 2.74729, 
5.35302, 10.4683, 6.53832, -2.72921, -0.89432, 2.348, 4.2987, 1.60201, 3.61078, 3.00198, 
5.72629, 10.6591, 5.15671, -3.57641, -0.590228, 2.34945, 4.44206, 1.78482, 3.64607, 3.29059, 
6.15891, 10.7, 3.48567, -4.17561, -0.326058, 2.38008, 4.58999, 1.98216, 3.68435, 3.60993, 
6.64487, 10.5133, 1.58545, -4.44356, -0.172734, 2.44062, 4.7461, 2.19137, 3.72728, 3.96305, 
7.05722, 10.1457, -0.0106002, -4.38326, -0.162614, 2.49979, 4.88026, 2.36424, 3.76615, 4.26931, 
7.46041, 9.56628, -1.53927, -4.09061, -0.247858, 2.55294, 5.02224, 2.53598, 3.80889, 4.58681, 
7.83565, 8.76791, -2.93104, -3.60738, -0.397227, 2.59044, 5.17481, 2.70785, 3.85638, 4.91501, 
8.16083, 7.75676, -4.12766, -2.99089, -0.569043, 2.60893, 5.33903, 2.88182, 3.90937, 5.25219, 
8.4229, 6.48009, -5.13489, -2.2703, -0.729492, 2.61096, 5.52451, 3.07037, 3.97204, 5.61483, 
8.57656, 4.93521, -5.88902, -1.51909, -0.836876, 2.60213, 5.73259, 3.27863, 4.04685, 6.00119, 
8.56805, 3.26622, -6.31644, -0.871385, -0.860606, 2.59219, 5.94841, 3.49683, 4.13045, 6.37895, 
8.36962, 1.55644, -6.44151, -0.38976, -0.806341, 2.58906, 6.16895, 3.72612, 4.22277, 6.7359, 
7.9641, -0.10614, -6.30623, -0.100465, -0.696702, 2.59713, 6.39242, 3.96702, 4.32289, 7.05742, 
7.44316, -1.44269, -6.01996, 0.00124071, -0.579094, 2.6145, 6.58794, 4.18494, 4.41424, 7.2945, 
6.77266, -2.63481, -5.61774, -0.0115006, -0.457931, 2.6416, 6.78595, 4.41129, 4.50744, 7.48152, 
5.88705, -3.73386, -5.09263, -0.119379, -0.334777, 2.68191, 7.00711, 4.66833, 4.60739, 7.61594, 
4.79211, -4.64681, -4.48601, -0.2975, -0.221516, 2.7368, 7.25307, 4.9552, 4.70538, 7.66375, 
3.5101, -5.30256, -3.85215, -0.509526, -0.123854, 2.80764, 7.52996, 5.27289, 4.78713, 7.58764, 
2.12779, -5.64209, -3.26856, -0.713173, -0.044014, 2.89349, 7.83835, 5.61144, 4.82731, 7.35492, 
0.807337, -5.66707, -2.81088, -0.873696, 0.0185135, 2.98873, 8.16525, 5.94256, 4.79647, 6.97122, 
-0.253884, -5.47869, -2.51449, -0.976542, 0.0643208, 3.08028, 8.47312, 6.21919, 4.68906, 6.52046, 
-1.16698, -5.14468, -2.3099, -1.04484, 0.103776, 3.1775, 8.79709, 6.46415, 4.48975, 5.99496, 
-1.91096, -4.71316, -2.17556, -1.08337, 0.138807, 3.27993, 9.13627, 6.65994, 4.18702, 5.43102, 
-2.51408, -4.19183, -2.0828, -1.09644, 0.173043, 3.39463, 9.51232, 6.79142, 3.74539, 4.83409, 
-2.96379, -3.5945, -2.01137, -1.08187, 0.20888, 3.52619, 9.93431, 6.81244, 3.1317, 4.24634, 
-3.2454, -2.93998, -1.93976, -1.03468, 0.249548, 3.67908, 10.4017, 6.64689, 2.33129, 3.74153, 
-3.35218, -2.30988, -1.85544, -0.957953, 0.295122, 3.84145, 10.8548, 6.24606, 1.46395, 3.43074, 
-3.3394, -1.80824, -1.76753, -0.87363, 0.339603, 3.98548, 11.2056, 5.71536, 0.749721, 3.32616, 
-3.25331, -1.32871, -1.66079, -0.77291, 0.392132, 4.13895, 11.5161, 5.00535, 0.0984167, 3.34471, 
-3.10536, -0.871481, -1.5348, -0.658031, 0.454469, 4.30364, 11.7701, 4.12935, -0.443319, 3.45416, 
-2.90368, -0.438263, -1.39054, -0.531492, 0.528046, 4.48142, 11.9514, 3.11377, -0.838732, 3.61465, 
-2.65662, -0.0324353, -1.23016, -0.396002, 0.613947, 4.67405, 12.0445, 1.99598, -1.06398, 3.78727, 
-2.34998, 0.37208, -1.04143, -0.242123, 0.721935, 4.90141, 12.0296, 0.719928, -1.10452, 3.95363, 
-2.02053, 0.735149, -0.841695, -0.0844073, 0.845831, 5.1488, 11.8799, -0.562255, -0.937858, 4.07967, 
-1.68785, 1.05512, -0.635388, 0.0741661, 0.985856, 5.41591, 11.5851, -1.79176, -0.585507, 4.16778, 
-1.53887, 1.18818, -0.539345, 0.146729, 1.05569, 5.54495, 11.399, -2.32539, -0.37067, 4.20076, 
